rank,osm_type,osm_id,name,city,prio1_lunch_field,prio1_note_mentions,prio2_has_website,prio2_has_website_menu,field_count_total,website,website_menu,lunch_value,note
1,node,3511936286,Oma maa,Helsinki,true,false,true,false,37,http://www.omamaa.fi/,,yes,Cafe and Food cooperative
2,node,12290359975,Uyghur Noodle House,Helsinki,false,true,true,true,37,https://www.uyghurnoodlehouse.com/,https://www.uyghurnoodlehouse.com/menu,,Lunch prices are from 11:00 to 14:00.
3,node,446760379,flät no 14,Helsinki,true,false,true,false,31,https://www.flathelsinki.fi/,,yes,
4,node,6239593489,Pien Brewpub,Helsinki,true,false,true,false,31,https://www.pien.fi/#brewpub,,yes,
5,node,957080720,Ravintola Kookos,Helsinki,true,false,true,false,29,https://www.compass-group.fi/ravintolat-ja-ruokalistat/foodco/kaupungit/helsinki/kookos/,,Mo-Thu 11:00-16:00;Fr 11:00-15:00,
6,node,1151191059,Gastro Cafe Kallio,Helsinki,true,false,true,false,28,https://www.gastrocafe.fi/,,yes,
7,node,6833186947,Lie Mi,Helsinki,true,false,true,false,28,https://www.facebook.com/kimsykallio,,yes,
8,node,76474078,Juttutuvan ruokasali,Helsinki,true,false,true,false,26,https://www.juttutupa.fi/,,yes,
9,node,1380991231,Sushi Bar Rice Garden,Helsinki,true,false,true,false,26,https://facebook.com/,,yes,
10,node,1528652523,Sushibar+Wine,Helsinki,true,false,true,false,26,https://sushibarwine.com/ravintolat/kallio/,,yes,
11,node,4226632191,IPI Kulmakuppila,,true,false,true,false,24,https://ipikulmakuppila.fi/,,yes,
12,node,1533487184,Box Tuohi,Helsinki,true,false,true,false,22,https://www.ravintolatuohi.fi/,,yes,
13,node,12155962112,Lohtu,,true,false,true,false,22,https://www.ravintolalohtu.fi/,,yes,
14,node,207107581,Lounaskahvila Raiku,Helsinki,true,false,false,false,24,,,yes,
15,node,670276215,Pihvipaikka Karhunpesä,,true,false,false,false,18,,,yes,
16,node,1309640537,Kirstin keidas,,true,false,false,false,18,,,yes,
17,node,294976827,Hesburger,Helsinki,false,false,true,false,42,https://www.hesburger.fi/,,,
18,node,1380991232,McDonald's,Helsinki,false,false,true,false,39,https://www.mcdonalds.fi/,,,
19,node,294976831,Hesburger,Helsinki,false,false,true,false,35,https://www.hesburger.fi/,,,
20,node,3145451463,Loving Hut,Helsinki,false,false,true,false,34,https://www.lovinghut.com/fi/,,,
21,node,92758232,Memphis,Helsinki,false,false,true,false,33,https://www.raflaamo.fi/fi/helsinki/memphis-hakaniemi,,,
22,node,1645802698,Lemon Grass,Helsinki,false,false,true,false,33,https://eat.fi/fi/helsinki/lemon-grass/menu,,,
23,node,8852655398,Green Hippo,Helsinki,false,false,true,false,32,https://www.greenhippocafe.rocks/kallio,,,
24,node,446775129,Ravintola Onda,Helsinki,false,false,true,false,31,https://www.ravintolaonda.fi,,,Lounasbuffet arkisin klo 11:00 - 15:00
25,node,1525997417,Daddy Greens,Helsinki,false,false,true,false,30,https://daddygreens.fi/kallio/,,,
26,node,76474077,Graniittilinna,Helsinki,false,false,true,false,29,https://www.graniittilinna.com,,,
27,node,5527479019,Wino,Helsinki,false,false,true,false,28,https://www.wino.fi/,,,
28,node,7202747614,Ravinteli Olkkari,Helsinki,false,false,true,false,28,https://ravinteliolkkari.fi/,,,A vibrant culinary living room in Helsinki
29,node,11156411288,Kakkugalleria,Helsinki,false,false,true,false,28,https://www.kakkugalleria.com/,,,
30,node,283309197,Saba,Helsinki,false,false,true,false,27,http://www.ravintolasaba.fi/,,,
31,node,354513857,Ristorante Da Vinci,Helsinki,false,false,true,false,27,https://www.davincibarristorante.fi/,,,
32,node,1056678094,Cella,Helsinki,false,false,true,false,27,https://www.kantri.fi/cella/,,,
33,node,2222510493,Beard Park Cafe,Helsinki,false,false,true,false,27,https://beardparkcafe.fi/,,,
34,node,6080258627,Way Bakery,Helsinki,false,false,true,false,27,https://www.waybakery.fi,,,
35,node,445381416,Kotipizza,Helsinki,false,false,true,false,26,https://kotipizza.fi/ravintolat/kotipizza-helsinki-kallio-porthaninkatu,,,
36,node,6095625763,La Torrefazione,,false,false,true,false,26,https://www.latorre.fi/toimipiste/hakaniemi,,,
37,node,6660555490,Bruket Cafe & Catering,Helsinki,false,false,true,false,26,http://www.bruketcafe.fi/,,,2. kerros
38,node,10832411137,Peace Kitchen,,false,false,true,false,26,https://peacekitchen.fi/,,,
39,node,11991579775,Ravintola Maukku,,false,false,true,false,26,https://maukku.fi/,,,
40,node,1529213478,Madonna Restaurant,Helsinki,false,false,true,false,25,https://www.madonnarestaurant.fi/,,,
41,node,4226632189,Chalupa,Helsinki,false,false,true,false,25,https://chalupa.fi/,,,
42,node,8856566815,Cafelito,,false,false,true,false,25,https://cafelito.fi,,,
43,node,10973435865,Adzika Georgian Street Kitchen,,false,false,true,false,25,https://adzika.net/,,,
44,node,12435153315,Seksico Tacos & Cocktails,Helsinki,false,false,true,false,25,https://seksico.com/,,,
45,node,12874735001,Fafa's,,false,false,true,true,25,https://www.fafas.fi/Fafas+Hakaniemi,https://www.fafas.fi/Menu,,
46,node,1199170124,Birdie Numnum,Helsinki,false,false,true,false,24,https://birdienumnum.fi/,,,
47,node,2132012212,Ravintola Hämeentie,Helsinki,false,false,true,false,24,https://bites.fi/#kallio,,,
48,node,3639940855,"Kampai 3""",Helsinki,false,false,true,false,24,https://www.kampai3.fi/,,,
49,node,4605384998,Harju 8,Helsinki,false,false,true,false,24,https://harju8.fi/,,,
50,node,76474225,Paasiravintola,Helsinki,false,false,true,false,23,https://www.paasitorni.fi/tilat/paasiravintola/,,,
51,node,207118881,Picnic Sörnäinen,Helsinki,false,false,true,false,23,https://www.picnic.fi/,,,
52,node,315519186,Ravintola Salpimienta,Helsinki,false,false,true,false,23,https://www.salpimienta.fi/,,,
53,node,3475506031,Sushi Forest,Helsinki,false,false,true,false,23,https://www.facebook.com/SushiForest,,,
54,node,4370935158,Pizzorante Bro,Helsinki,false,false,true,false,23,https://www3.hilton.com/en/hotels/finland/hilton-helsinki-strand-HELHIHI/dining/index.html,,,
55,node,4742825860,Humu'z & Döners Hakaniemi,Helsinki,false,false,true,false,23,https://www.humuzanddoners.fi,,,
56,node,5920088557,Tanner,Helsinki,false,false,true,false,23,https://ravintolatanner.fi,,,
57,node,10570708158,Chitir Chicken,Helsinki,false,false,true,false,23,https://chitirchicken.fi/,,,
58,node,92762548,Döner Osman,Helsinki,false,false,true,false,22,https://dönerosman.fi/,,,
59,node,123432045,Vihreä Keidas ry,Helsinki,false,false,true,false,22,https://www.vihreakeidas.fi/,,,
60,node,948422121,Twenty four social club,Helsinki,false,false,true,false,22,https://twentyfoursocialclub.fi,,,
61,node,1530480605,Nesteen kahvio,Helsinki,false,false,true,false,22,https://www.neste.fi/,,,
62,node,1847824623,Koko Jazz Club,Helsinki,false,false,true,false,22,https://www.kokojazz.fi/,,,
63,node,3870612063,Cafe Cardemumma,Helsinki,false,false,true,false,22,https://www.cafecardemumma.fi/,,,
64,node,6442367730,Väinö Kallio,Helsinki,false,false,true,false,22,https://www.vainokallio.fi/,,,Suljettu helmikuussa 2020. Avataan taas maaliskuun alkupuolella.
65,node,1523077317,Shabu House,Helsinki,false,false,true,false,21,https://www.shabuhousegroup.com/,,,
66,node,13058623709,14 Peaks,Helsinki,false,false,true,false,21,https://ravintola14peaks.fi/,,,
67,node,13261205532,Ekeko Restobar,Helsinki,false,false,true,false,21,https://www.ekeko.fi/,,,
68,node,648218677,Kahvila Taikalamppu,Helsinki,false,false,true,false,20,https://www.facebook.com/taikalamppu,,,
69,node,6787322411,The Alley,Helsinki,false,false,true,false,20,https://www.thealleyhelsinki.com/,,,
70,node,10832468921,Kot.,,false,false,true,false,20,https://www.kotkot.world/,,,
71,node,12547763891,Uuno Kallio,Helsinki,false,false,true,false,20,https://uunopinza.fi/,,,
72,node,1056678097,Kallion Express,Helsinki,false,false,true,false,19,https://kallionexpress.fi/,,,
73,node,6095066106,Lasiranta,,false,false,true,false,19,https://lasiranta.fi,,,
74,node,12536794845,Klandestina,Helsinki,false,false,true,false,19,https://www.klande.fi/,,,
75,node,12983208868,Hua Du,Helsinki,false,false,true,false,19,https://hua-du.fi/huadu-sushibuffet-helsinki/,,,
76,node,207126419,Pumpui,Helsinki,false,false,true,false,18,https://www.pumpui.fi/,,,
77,node,8852722320,Segreto,Helsinki,false,false,true,false,18,https://www.segreto.fi/,,,
78,node,12435153323,Roasberg,Helsinki,false,false,true,false,18,https://roasberg.fi/,,,
79,node,11233732898,Bistro O mat,,false,false,true,false,17,https://bistromat.fi/hakaniemi/,,,
80,node,11716782890,SOUP+MORE,,false,false,true,false,14,https://soupandmore.fi/,,,
81,node,11716782898,Kirsikka,,false,false,true,false,14,https://www.kirsikka.fi/etusivu,,,
82,node,12629878761,,,false,false,true,false,14,https://restaurants.subway.com/finland/helsinki/hameentie-50-b,,,
83,node,11775372975,Roma Pizza Kebab,,false,false,true,false,13,https://www.romapizzakebab.fi/,,,
84,node,207108089,Ravintola Lafal,Helsinki,false,false,false,false,38,,,,
85,node,2757819180,Trần Tịnh,Helsinki,false,false,false,false,29,,,,
86,node,4391669007,Sherpa Food N' Bar,Helsinki,false,false,false,false,28,,,,
87,node,445381428,Harlekiini,Helsinki,false,false,false,false,25,,,,
88,node,1586586369,Roji,Helsinki,false,false,false,false,25,,,,
89,node,283300371,Bambu Sushi,Helsinki,false,false,false,false,24,,,,
90,node,1529213452,Ho Ting,Helsinki,false,false,false,false,24,,,,
91,node,1529213470,Happy Sloth Cafe,Helsinki,false,false,false,false,24,,,,
92,node,1823286836,Du Dii,Helsinki,false,false,false,false,24,,,,
93,node,92766209,Subway,Helsinki,false,false,false,false,23,,,,
94,node,440629539,Noodle story,Helsinki,false,false,false,false,23,,,,
95,node,5416330921,Noah Cafe,,false,false,false,false,23,,,,
96,node,6464185982,Pihka,Helsinki,false,false,false,false,22,,,,
97,node,8831560574,Mizore,Helsinki,false,false,false,false,22,,,,
98,node,12463353201,Pho Viet Khang,Helsinki,false,false,false,false,22,,,,
99,node,6594034569,Subway,,false,false,false,false,21,,,,
100,node,8831560580,Cafe Ilo,,false,false,false,false,21,,,,
101,node,10904941956,Espresso House,,false,false,false,false,21,,,,
102,node,5950615655,Café Cucca,Helsinki,false,false,false,false,20,,,,
103,node,8831555671,PronTo,,false,false,false,false,20,,,,
104,node,8844367589,Dylan,,false,false,false,false,20,,,,
105,node,12178464379,Südtirol Café,,false,false,false,false,20,,,,
106,node,1533456538,Belmont,Helsinki,false,false,false,false,19,,,,
107,node,1807658528,Mäkikupla,,false,false,false,false,19,,,,
108,node,7470241327,Karaz,Helsinki,false,false,false,false,19,,,,
109,node,8831720884,Ravintola Käenpesä,,false,false,false,false,19,,,,
110,node,8874688960,Cafe Avec Kallio,,false,false,false,false,19,,,,
111,node,11257652312,Palapizzeria Izza by Särdough,,false,false,false,false,19,,,,
112,node,12876817601,Viet Kitchen,,false,false,false,false,19,,,,
113,node,828456015,Saigon Bistro,,false,false,false,false,18,,,,
114,node,7217000933,Ravintola BAD Lintu 10,,false,false,false,false,18,,,,
115,node,11188387874,Bistro Le Coin,Helsinki,false,false,false,false,18,,,,
116,node,12536794844,Rikiyaki,Helsinki,false,false,false,false,18,,,,
117,node,12983208869,Giant Burger,Helsinki,false,false,false,false,18,,,,
118,node,611033666,Toveri,Helsinki,false,false,false,false,17,,,,
119,node,1529213460,Yamy bar&bistro,,false,false,false,false,17,,,,
120,node,1530480602,Boka,Helsinki,false,false,false,false,17,,,,
121,node,10777471423,Cafe Kim,,false,false,false,false,17,,,,Lounaskahvila
122,node,10904941957,Wok Wok Hakaniemen metroasema,,false,false,false,false,17,,,,
123,node,207122952,Oopperan grilli,Helsinki,false,false,false,false,16,,,,
124,node,7217000925,Ravintola 27,,false,false,false,false,16,,,,
125,node,8831616512,Boa & Bim,,false,false,false,false,16,,,,
126,node,10994581741,La Mardino's pizzeria,,false,false,false,false,16,,,,
127,node,11119186712,Food&Co.,Helsinki,false,false,false,false,16,,,,
128,node,12709921666,Rice Story,Helsinki,false,false,false,false,16,,,,
129,node,6787322409,Mimin herkut,,false,false,false,false,14,,,,
130,node,8831720837,Sörkän Pippuri,,false,false,false,false,14,,,,
131,node,8852726824,Indian Express,,false,false,false,false,14,,,,
132,node,12722618457,Luigi Pizzeria,,false,false,false,false,14,,,,
133,node,11716782891,Hallikahvila,,false,false,false,false,13,,,,
134,node,12895552074,Friends 66,,false,false,false,false,12,,,,