candidate_id,seed_id,venue_name_seed,city_seed,address_seed,source_url,source_type,reliability_score_0_100,manuaalinen_tila,verification_status,verified_source_url,verified_notes,menu_url_found,lunch_keyword_hits,last_seen
d35eb390620a4968982303f8eaccd42bca09675a,14-peaks,14 Peaks,Helsinki,"Siltasaarenkatu 13, 00530 Helsinki",,unknown,25,ei toimi,UNVERIFIED,,,false,0,
3a5b4dec2018b14414e5ff54f505371e0e037f77,adzika-georgian-street-kitchen,Adzika Georgian Street Kitchen,Helsinki,Toinen linja 7,,unknown,25,ei toimi,UNVERIFIED,,,false,0,
fab4b7095eccc0ea1cfe70fb6ccd7be0cddea4b5,bambu-sushi,Bambu Sushi,Helsinki,"Helsinginkatu 4b, 00500 Helsinki",,unknown,25,ei toimi,UNVERIFIED,,,false,0,
2bcf6c0bc652e7a8e5f543af6ab1653ebf2f9cf9,beard-park-cafe,Beard Park Cafe,Helsinki,"Agricolankatu 13, 00530 Helsinki",,unknown,25,ei toimi,UNVERIFIED,,,false,0,
73bbf261913a2d3c1dd9a8eb0cb7d83af982517c,belmont,Belmont,Helsinki,"Hakaniemenkatu 7, 00530 Helsinki",,unknown,25,ei toimi,UNVERIFIED,,,false,0,
d94af2ef00938ad87d9dfe17383a7a7163897d6e,birdie-numnum,Birdie Numnum,Helsinki,"Hämeentie 2, 00530 Helsinki",,unknown,25,ei toimi,UNVERIFIED,,,false,0,
3a6296ab7bfe7b3458f5cbe7dd5ced83e1f06ff8,bistro-le-coin,Bistro Le Coin,Helsinki,"Siltasaarenkatu 6-10, 00530 Helsinki",,unknown,25,ei toimi,UNVERIFIED,,,false,0,
2cd8c6a49f46e7bf18da98300b233f3ed2c8a09e,bistro-o-mat,Bistro O mat,Helsinki,,,unknown,25,ei toimi,UNVERIFIED,,,false,0,
3786bec6bcc249bc71124e89c41bc45732aa5aa8,boa-and-bim,Boa & Bim,Helsinki,Käenkuja 4,,unknown,25,ei toimi,UNVERIFIED,,,false,0,
42455978bce9391c149ee1bd2ea872b2fb5f8a6f,boka,Boka,Helsinki,"Hämeentie 20, 00530 Helsinki",,unknown,25,ei toimi,UNVERIFIED,,,false,0,
dc6a192781160996d59fd376da0a7196efa8d8e4,box-tuohi,Box Tuohi,Helsinki,"John Stenbergin ranta 6, 00530 Helsinki",,unknown,25,ei toimi,UNVERIFIED,,,false,0,
e472d59029c9cee6895e0f8ed98a1156bfcd8691,bruket-cafe-and-catering,Bruket Cafe & Catering,Helsinki,"Kaikukatu 4, 00530 Helsinki",,unknown,25,ei toimi,UNVERIFIED,,,false,0,
e344ddf87451c0e4691eadfd0a06ce679f444382,cafe-avec-kallio,Cafe Avec Kallio,Helsinki,Neljäs linja 5,,unknown,25,ei toimi,UNVERIFIED,,,false,0,
3a47322a56a15d63cc6a6c1431c5d3822e4216ef,cafe-cardemumma,Cafe Cardemumma,Helsinki,"Kaarlenkatu 15, Helsinki",,unknown,25,ei toimi,UNVERIFIED,,,false,0,
bc7602d75bb2672d1e7974b7591f5c29d68e3c37,cafe-cucca,Café Cucca,Helsinki,"Kolmas linja 12, 00530 Helsinki",,unknown,25,ei toimi,UNVERIFIED,,,false,0,
3166384a3dcb3d67b14b0fa7ee2fa00e5431cb66,cafe-ilo,Cafe Ilo,Helsinki,Vilhonvuorenkatu 7-9,,unknown,25,ei toimi,UNVERIFIED,,,false,0,
c9a419b445cd64ac85c787423f28a84cfc18f8e4,cafe-kim,Cafe Kim,Helsinki,Miina Sillanpään katu 1,,unknown,25,ei toimi,UNVERIFIED,,,false,0,
142369ca3b04c8a322132e9ad39bc704b8cebb0f,cafelito,Cafelito,Helsinki,Hämeentie 26,,unknown,25,ei toimi,UNVERIFIED,,,false,0,
d6d07050c42f4b2473c8a90570a5795b8b2d946d,cella,Cella,Helsinki,"Fleminginkatu 15, 00500 Helsinki",,unknown,25,ei toimi,UNVERIFIED,,,false,0,
9945e89b7cd00d723a0896ed89ddf7a2bf48da12,chalupa,Chalupa,Helsinki,"Porthaninkatu 3, 00530 Helsinki",,unknown,25,ei toimi,UNVERIFIED,,,false,0,
7baf603b81395dec26a2becaf90a81ebba3bfcf4,chitir-chicken,Chitir Chicken,Helsinki,"Vilhonvuorenkatu 3, 00500 Helsinki",,unknown,25,ei toimi,UNVERIFIED,,,false,0,
35453b2d3ef7e09178b03a63a65d8088c9be1307,daddy-greens,Daddy Greens,Helsinki,"Viides linja 16, 00530 Helsinki",,unknown,25,ei toimi,UNVERIFIED,,,false,0,
7b04208853a4764f0243c064f5dc36810e41666f,doner-osman,Döner Osman,Helsinki,"Siltasaarenkatu 11, 00530 Helsinki",,unknown,25,ei toimi,UNVERIFIED,,,false,0,
1959934a3ebbdf46d7232f302149d10cce3830bb,du-dii,Du Dii,Helsinki,"Viides linja 7, 00530 Helsinki",,unknown,25,ei toimi,UNVERIFIED,,,false,0,
a1f875d6cf27df290ca42837adc490468afcb2d3,dylan,Dylan,Helsinki,Toinen linja 14,,unknown,25,ei toimi,UNVERIFIED,,,false,0,
cb25c3ab515f84d34dec4f40b09c9ad890a803c8,ekeko-restobar,Ekeko Restobar,Helsinki,"Vilhonvuorenkatu 3, 00500 Helsinki",,unknown,25,ei toimi,UNVERIFIED,,,false,0,
ab699fee1a2e03a58d20bc4bc43e2eef56fa04d6,espresso-house,Espresso House,Helsinki,,,unknown,25,ei toimi,UNVERIFIED,,,false,0,
bbaf495c7bf414f27f8aede75e23613895e5bab2,fafa-s,Fafa's,Helsinki,"Porthaninkatu 2, 00530",,unknown,25,ei toimi,UNVERIFIED,,,false,0,
1f702483e11751d6bb591204e578b2dd5ff885be,flat-no-14,flät no 14,Helsinki,"Viides linja 14, 00530 Helsinki",,unknown,25,ei toimi,UNVERIFIED,,,false,0,
7f23a63eaca22f93f23bafb1092ab44d007084a4,food-and-co,Food&Co.,Helsinki,"John Stenbergin ranta 2, Helsinki",,unknown,25,ei toimi,UNVERIFIED,,,false,0,
8e64a3fdef44dd2384d3776b0433235a5a3cea03,friends-66,Friends 66,Helsinki,,,unknown,25,ei toimi,UNVERIFIED,,,false,0,
80d22a308ae76cd9c73f3a6f762279dae7e188ce,gastro-cafe-kallio,Gastro Cafe Kallio,Helsinki,"Fleminginkatu 7, 00530 Helsinki",,unknown,25,ei toimi,UNVERIFIED,,,false,0,
43e860ead96effcb428efd67d3d3a3951367b84f,giant-burger,Giant Burger,Helsinki,"Porthaninkatu 2, 00530 Helsinki",,unknown,25,ei toimi,UNVERIFIED,,,false,0,
c55f4c54fbc28d0794c93c424b33bcfe6a17cc83,graniittilinna,Graniittilinna,Helsinki,"Säästöpankinranta 6, 00530 Helsinki",,unknown,25,ei toimi,UNVERIFIED,,,false,0,
71990aa6d8dacba4005dc614a279ea1a7d2ae7ee,green-hippo,Green Hippo,Helsinki,"Fleminginkatu 10, 00530 Helsinki",,unknown,25,ei toimi,UNVERIFIED,,,false,0,
65c54d0461a95c24bf8671208550446ddc6eba37,hallikahvila,Hallikahvila,Helsinki,,,unknown,25,ei toimi,UNVERIFIED,,,false,0,
adbded0e869ea649e95822c0316753880f3c9d6f,happy-sloth-cafe,Happy Sloth Cafe,Helsinki,"Haapaniemenkatu 3, 00530 Helsinki",,unknown,25,ei toimi,UNVERIFIED,,,false,0,
197b3a239f540823d3ef53e0431f7ad7496c3105,harju-8,Harju 8,Helsinki,"Harjutori 8, 00500 Helsinki",,unknown,25,ei toimi,UNVERIFIED,,,false,0,
e2f400ac59144d93a055d618b2093944391d33af,harlekiini,Harlekiini,Helsinki,"Porthaninkatu 5, 00530 Helsinki",,unknown,25,ei toimi,UNVERIFIED,,,false,0,
76d184c6539589232b14390b06c4607cc147f647,hesburger-2,Hesburger,Helsinki,"Hämeentie 2, 00530 Helsinki",,unknown,25,ei toimi,UNVERIFIED,,,false,0,
e33e5074540f7191978631248e22414102a8bb34,hesburger,Hesburger,Helsinki,"Helsinginkatu 28, 00510 Helsinki",,unknown,25,ei toimi,UNVERIFIED,,,false,0,
2e5c8f6ca1d322d4812be43ea4a4e54b8e328953,ho-ting,Ho Ting,Helsinki,"Miina Sillanpään katu 8, Helsinki",,unknown,25,ei toimi,UNVERIFIED,,,false,0,
f250c4e2d3777a20efd62d1302478a6610a5e82c,hua-du,Hua Du,Helsinki,"Porthaninkatu 2, 00530 Helsinki",,unknown,25,ei toimi,UNVERIFIED,,,false,0,
9b6b25a36ded0dafe73397e304818a8565365876,humu-z-and-doners-hakaniemi,Humu'z & Döners Hakaniemi,Helsinki,"Siltasaarenkatu 12, 00530 Helsinki",,unknown,25,ei toimi,UNVERIFIED,,,false,0,
2fcb61d78be4494b01d633bad484708acf026075,indian-express,Indian Express,Helsinki,Hämeentie 36,,unknown,25,ei toimi,UNVERIFIED,,,false,0,
d83ec36b458f4ead25da151fd5d64a12689dc04a,ipi-kulmakuppila,IPI Kulmakuppila,Helsinki,Viides linja 9,,unknown,25,ei toimi,UNVERIFIED,,,false,0,
5ddccd5a425640f7f10c3424737ae420a940b8ad,juttutuvan-ruokasali,Juttutuvan ruokasali,Helsinki,Helsinki,,unknown,25,ei toimi,UNVERIFIED,,,false,0,
230dea109c8f0980d73219ae32d7a77027de0c27,kahvila-taikalamppu,Kahvila Taikalamppu,Helsinki,"Torkkelinkatu 21, 00530 Helsinki",,unknown,25,ei toimi,UNVERIFIED,,,false,0,
18bd8cb2db164e7c38a5ba8d2822e469d1765bd0,kakkugalleria,Kakkugalleria,Helsinki,"Siltasaarenkatu 13, 00530 Helsinki",,unknown,25,ei toimi,UNVERIFIED,,,false,0,
88adcd20b0188b79e62a51dbeee77873b8547b4a,kallion-express,Kallion Express,Helsinki,"Fleminginkatu 13, 00500 Helsinki",,unknown,25,ei toimi,UNVERIFIED,,,false,0,
fdc0f51d5de9abd33690d8a7e8a700ea0c1e2a7c,kampai-3,"Kampai 3""",Helsinki,"Kolmas linja 18, 00530 Helsinki",,unknown,25,ei toimi,UNVERIFIED,,,false,0,
78fd0d41d36834d203e1a496b0bb17190df1cde7,karaz,Karaz,Helsinki,"Viides linja 8, 00530 Helsinki",,unknown,25,ei toimi,UNVERIFIED,,,false,0,
7af890552436f54c78402b69172c5258f0a308f9,kirsikka,Kirsikka,Helsinki,,,unknown,25,ei toimi,UNVERIFIED,,,false,0,
793943d80a293134b8d97478357a298cb2aed1f2,kirstin-keidas,Kirstin keidas,Helsinki,,,unknown,25,ei toimi,UNVERIFIED,,,false,0,
bd2b02df2617edba07ae9131b584b1b9c1ac30ee,klandestina,Klandestina,Helsinki,"Porthaninkatu 2, 00530 Helsinki",,unknown,25,ei toimi,UNVERIFIED,,,false,0,
09c0966c494dd66ba8c1fe94dfaa266d327747a6,koko-jazz-club,Koko Jazz Club,Helsinki,"Hämeentie 3, 00530 Helsinki",,unknown,25,ei toimi,UNVERIFIED,,,false,0,
f6cb48358e6a34d4bc41df8ef6a2272cd0a734ee,kot,Kot.,Helsinki,Kaarlenkatu 7,,unknown,25,ei toimi,UNVERIFIED,,,false,0,
35d0b4529bdd4c1f0c75fc847c8228e169d9c18f,kotipizza,Kotipizza,Helsinki,"Porthaninkatu 11, Helsinki",,unknown,25,ei toimi,UNVERIFIED,,,false,0,
d06951522cb8567e2591080ad9e67a607211b382,la-mardino-s-pizzeria,La Mardino's pizzeria,Helsinki,,,unknown,25,ei toimi,UNVERIFIED,,,false,0,
10558b0be4ee5168420ef1dd354f3895886bfed6,la-torrefazione,La Torrefazione,Helsinki,,,unknown,25,ei toimi,UNVERIFIED,,,false,0,
d8fa781683a094723dedebae7c0faece50e3c706,lasiranta,Lasiranta,Helsinki,Hakaniemenranta 6,,unknown,25,ei toimi,UNVERIFIED,,,false,0,
c2895d830e89e819c537676d4ab1dfd2bc39a81f,lemon-grass,Lemon Grass,Helsinki,"Kolmas linja 12, 00530 Helsinki",,unknown,25,ei toimi,UNVERIFIED,,,false,0,
f0d655e1c932f003eac9a748f204ffebe79e43fe,lie-mi,Lie Mi,Helsinki,"Porthaninkatu 2, 00530 Helsinki",,unknown,25,ei toimi,UNVERIFIED,,,false,0,
267e0d89456daa21e2b336f96d04289d2927d08f,lohtu,Lohtu,Helsinki,,,unknown,25,ei toimi,UNVERIFIED,,,false,0,
74f74ad2df95a04bae8af73fdfb30d6ae121a082,lounaskahvila-raiku,Lounaskahvila Raiku,Helsinki,"Hämeentie 1, Helsinki",,unknown,25,ei toimi,UNVERIFIED,,,false,0,
ca2696767bde6dc6fcd8c43869a08acdf9bfab1a,loving-hut,Loving Hut,Helsinki,"Kolmas linja 17, 00530 Helsinki",,unknown,25,ei toimi,UNVERIFIED,,,false,0,
103bc176ad62c20ab572b7a7c9ee89d4b99b5111,luigi-pizzeria,Luigi Pizzeria,Helsinki,,,unknown,25,ei toimi,UNVERIFIED,,,false,0,
11555a8938ce923ecfcfc8a2c561a9cc7a6b674c,madonna-restaurant,Madonna Restaurant,Helsinki,"Haapaniemenkatu 5, 00530 Helsinki",,unknown,25,ei toimi,UNVERIFIED,,,false,0,
4bca2408497975c3c21d0ea983e7bfeb2bf4a3cd,makikupla,Mäkikupla,Helsinki,Torkkelinkatu 2b,,unknown,25,ei toimi,UNVERIFIED,,,false,0,
4c6ba5e40ff007bed204674dee7c340230e9c25f,mcdonald-s,McDonald's,Helsinki,"Siltasaarenkatu 12, 00530 Helsinki",,unknown,25,ei toimi,UNVERIFIED,,,false,0,
7781fd76176c6bb539b221a59f2f72b6fde24b55,memphis,Memphis,Helsinki,"Siltasaarenkatu 18-20, 00530 Helsinki",,unknown,25,ei toimi,UNVERIFIED,,,false,0,
892e8aa3080abe86867b7aec700d37ec5caf53e6,mimin-herkut,Mimin herkut,Helsinki,,,unknown,25,ei toimi,UNVERIFIED,,,false,0,
1bbcd7915df91ab15ea585b6a88e458663c8fdef,mizore,Mizore,Helsinki,"Vilhonvuorenkatu 7-9, 00500 Helsinki",,unknown,25,ei toimi,UNVERIFIED,,,false,0,
cb701191265e166cfa9ea27855f9c7b0b284414a,nesteen-kahvio,Nesteen kahvio,Helsinki,"Sörnäisten rantatie 21, 00530 Helsinki",,unknown,25,ei toimi,UNVERIFIED,,,false,0,
93de069e7d51e533281f63649a9ae1ce033451a9,noah-cafe,Noah Cafe,Helsinki,Hämeentie 30,,unknown,25,ei toimi,UNVERIFIED,,,false,0,
bcf6e43ceadd78fd176c36597d8ad6d2bd9b10a2,noodle-story,Noodle story,Helsinki,"Alppikatu 5, 00530 Helsinki",,unknown,25,ei toimi,UNVERIFIED,,,false,0,
edd16e9799c2afdc725d6d27a4d7ac576f6df919,oma-maa,Oma maa,Helsinki,"Kaarlenkatu 15, 00530 Helsinki",,unknown,25,ei toimi,UNVERIFIED,,,false,0,
0893ae1e4dad25a2880d157664100434a3fbd376,oopperan-grilli,Oopperan grilli,Helsinki,"Hämeentie, 00500 Helsinki",,unknown,25,ei toimi,UNVERIFIED,,,false,0,
3e3be6be05ade8049e89d0692483c3ada7730eab,paasiravintola,Paasiravintola,Helsinki,"Paasivuorenkatu 5, 00530 Helsinki",,unknown,25,ei toimi,UNVERIFIED,,,false,0,
2a9b3079f9be6b4542e5c102f2de9536fecabdee,palapizzeria-izza-by-sardough,Palapizzeria Izza by Särdough,Helsinki,Porthaninkatu 7,,unknown,25,ei toimi,UNVERIFIED,,,false,0,
be04973485942f09f8ea84a256384d8700b88fb5,peace-kitchen,Peace Kitchen,Helsinki,Pengerkatu 24,,unknown,25,ei toimi,UNVERIFIED,,,false,0,
904f26d4daca80e5cec897cc4e4b499e1ad4a8c8,pho-viet-khang,Pho Viet Khang,Helsinki,"Pengerkatu 29, 00500 Helsinki",,unknown,25,ei toimi,UNVERIFIED,,,false,0,
c771d28fa703b1799532ec96bcac39a15a7ee48c,picnic-sornainen,Picnic Sörnäinen,Helsinki,"Hämeentie 29, 00500 Helsinki",,unknown,25,ei toimi,UNVERIFIED,,,false,0,
19dca74e473a3210d62f89ae937cc88567856f07,pien-brewpub,Pien Brewpub,Helsinki,"Hämeentie 15, 00500 Helsinki",,unknown,25,ei toimi,UNVERIFIED,,,false,0,
52d08dabd7ca57994c6f57ab0a2176d57808ec81,pihka,Pihka,Helsinki,"Lintulahdenkatu 10, 00500 Helsinki",,unknown,25,ei toimi,UNVERIFIED,,,false,0,
072284ae2809fca555a4706956b67e48bd93d2ba,pihvipaikka-karhunpesa,Pihvipaikka Karhunpesä,Helsinki,,,unknown,25,ei toimi,UNVERIFIED,,,false,0,
09c95cb1b593bcaf2cac52b2642b80126b0a66b7,pizzorante-bro,Pizzorante Bro,Helsinki,"John Stenbergin ranta 4, 00530 Helsinki",,unknown,25,ei toimi,UNVERIFIED,,,false,0,
851227d32bc051019aca6efaf38a18b2c803e61b,pronto,PronTo,Helsinki,Hämeentie 21,,unknown,25,ei toimi,UNVERIFIED,,,false,0,
f17798d0b2b92d41800e8cf9690306df305a2082,pumpui,Pumpui,Helsinki,"Vilhonvuorenkatu 5, 00500 Helsinki",,unknown,25,ei toimi,UNVERIFIED,,,false,0,
4b7068dfb7cb318b401254d1b817775b4cd13bfb,ravinteli-olkkari,Ravinteli Olkkari,Helsinki,"Toinen linja 3, 00530 Helsinki",,unknown,25,ei toimi,UNVERIFIED,,,false,0,
43cc9d442fd1e08aa18afe4edf7760cad03bad1a,ravintola-27,Ravintola 27,Helsinki,,,unknown,25,ei toimi,UNVERIFIED,,,false,0,
c1ee08a5c37fcc1844a2e21b227fe76f1a2ac866,ravintola-bad-lintu-10,Ravintola BAD Lintu 10,Helsinki,Lintulahdenkuja 10,,unknown,25,ei toimi,UNVERIFIED,,,false,0,
25dc8b9edc71f7e7abffcd654180607ba60f608a,ravintola-hameentie,Ravintola Hämeentie,Helsinki,"Hämeentie 15, 00500 Helsinki",,unknown,25,ei toimi,UNVERIFIED,,,false,0,
a4dd8d285a73326e5cb86b1bd72f6d5a3d83c1bd,ravintola-kaenpesa,Ravintola Käenpesä,Helsinki,Käenkuja 1,,unknown,25,ei toimi,UNVERIFIED,,,false,0,
6a040c9a175b1ee4dc90c4517eb8ac96e0eeca1c,ravintola-kookos,Ravintola Kookos,Helsinki,"Haapaniemenkatu 6, 00530 Helsinki",,unknown,25,ei toimi,UNVERIFIED,,,false,0,
3007d4999966631d74e1b4048ed17a4fc56f6f07,ravintola-lafal,Ravintola Lafal,Helsinki,"Hämeentie 6, 00530 Helsinki",,unknown,25,ei toimi,UNVERIFIED,,,false,0,
17af289feb348424c63ed7b5ee4043c612afba6c,ravintola-maukku,Ravintola Maukku,Helsinki,Hämeentie 26,,unknown,25,ei toimi,UNVERIFIED,,,false,0,
7ea409e6a4d5f69ea740dcd0c4568d4929676ce8,ravintola-onda,Ravintola Onda,Helsinki,"Porthaninkatu 4, 00530 Helsinki",,unknown,25,ei toimi,UNVERIFIED,,,false,0,
afa5cd2b439d3d8cd4a2803f9ea2776714ed93cd,ravintola-salpimienta,Ravintola Salpimienta,Helsinki,"Agricolankatu 7, 00530 Helsinki",,unknown,25,ei toimi,UNVERIFIED,,,false,0,
b63ce05069f4ae7f2abf26a7e94e63a879574673,rice-story,Rice Story,Helsinki,"Kolmas linja 36, 00530 Helsinki",,unknown,25,ei toimi,UNVERIFIED,,,false,0,
d819b08185f82be6ab0e549bf7cb3e510407f302,rikiyaki,Rikiyaki,Helsinki,"Porthaninkatu 2, 00530 Helsinki",,unknown,25,ei toimi,UNVERIFIED,,,false,0,
e01e307a29c0770fe91af9607402f0214dda8d98,ristorante-da-vinci,Ristorante Da Vinci,Helsinki,"Siltasaarenkatu 11, 00530 Helsinki",,unknown,25,ei toimi,UNVERIFIED,,,false,0,
b76679947192f0ceabc011660f90b0a9d48748af,roasberg,Roasberg,Helsinki,"Siltasaarenkatu 13, 00530 Helsinki",,unknown,25,ei toimi,UNVERIFIED,,,false,0,
108dadbf58196f61d6660eb6c9775fcfbef34ff2,roji,Roji,Helsinki,"Kolmas linja 16, 00530 Helsinki",,unknown,25,ei toimi,UNVERIFIED,,,false,0,
6087132b694b1faf646214bf932610d56c8a162b,roma-pizza-kebab,Roma Pizza Kebab,Helsinki,,,unknown,25,ei toimi,UNVERIFIED,,,false,0,
d2839a6f50b2dea69f912484e286420e77a5cbfc,saba,Saba,Helsinki,"Hämeentie 7, 00530 Helsinki",,unknown,25,ei toimi,UNVERIFIED,,,false,0,
42db9ed7ad023b03db3d52a3fce906c814c10902,saigon-bistro,Saigon Bistro,Helsinki,Kaarlenkatu 13,,unknown,25,ei toimi,UNVERIFIED,,,false,0,
778650914fd035fc70b7906abaff595088748d5e,segreto,Segreto,Helsinki,"Kaarlenkatu 11, 00530 Helsinki",,unknown,25,ei toimi,UNVERIFIED,,,false,0,
0e269ac5c8cab9b235d376d22291832facd23e6e,seksico-tacos-and-cocktails,Seksico Tacos & Cocktails,Helsinki,"Kolmas linja 11, 00530 Helsinki",,unknown,25,ei toimi,UNVERIFIED,,,false,0,
ecb70a3e5d4fa6dbf7971f619021c2a32a03a3c4,shabu-house,Shabu House,Helsinki,"Hämeentie 31, 00500 Helsinki",,unknown,25,ei toimi,UNVERIFIED,,,false,0,
2e78d3bcba07dfbf17a30ba932fe6f71dfd12ca9,sherpa-food-n-bar,Sherpa Food N' Bar,Helsinki,"Harjutori 2, 00500 Helsinki",,unknown,25,ei toimi,UNVERIFIED,,,false,0,
9c314f01b9df619711de704a76a46609f938b00d,sorkan-pippuri,Sörkän Pippuri,Helsinki,Helsinginkatu 2b,,unknown,25,ei toimi,UNVERIFIED,,,false,0,
35c0e2728e70ff9c1a1bc1b7ad8f68c7876504db,soup-more,SOUP+MORE,Helsinki,,,unknown,25,ei toimi,UNVERIFIED,,,false,0,
0fdae2bc5777a373d7c78720480dec3b0b9abfa8,subway-2,Subway,Helsinki,,,unknown,25,ei toimi,UNVERIFIED,,,false,0,
a020a7713fd96d41ea2399cc9ab2e4c390282790,subway,Subway,Helsinki,"Siltasaarenkatu 14, 00530 Helsinki",,unknown,25,ei toimi,UNVERIFIED,,,false,0,
b700ee66e4b63b5cff80509a7e4059712c8d7d09,sudtirol-cafe,Südtirol Café,Helsinki,Hämeentie 36,,unknown,25,ei toimi,UNVERIFIED,,,false,0,
87776b767dbbc44142739245b4e0a3e6295f123b,sushi-bar-rice-garden,Sushi Bar Rice Garden,Helsinki,"Siltasaarenkatu 12, 00530 Helsinki",,unknown,25,ei toimi,UNVERIFIED,,,false,0,
814aa7cf08171b52d92741816801dc3cd5aedb2f,sushi-forest,Sushi Forest,Helsinki,"Hämeentie 32, 00530 Helsinki",,unknown,25,ei toimi,UNVERIFIED,,,false,0,
0bfae2b646362b4648c180b7947ca1fb127d039f,sushibar-wine,Sushibar+Wine,Helsinki,"Hämeentie 19, 00500 Helsinki",,unknown,25,ei toimi,UNVERIFIED,,,false,0,
a9142959bb115e1a81912daf8c660b58bccb164e,tanner,Tanner,Helsinki,"Hämeentie 11, 00530 Helsinki",,unknown,25,ei toimi,UNVERIFIED,,,false,0,
2dccb414b8e851b81bc71c5987b5c6aa065c77d9,the-alley,The Alley,Helsinki,"Fleminginkatu 8, 00530 Helsinki",,unknown,25,ei toimi,UNVERIFIED,,,false,0,
bd523befb1cb36abc30535ffbe51745b56b1718e,toveri,Toveri,Helsinki,"Castréninkatu 3, 00530 Helsinki",,unknown,25,ei toimi,UNVERIFIED,,,false,0,
69223158c453ad841c2b930481951af8fce21144,tran-tinh,Trần Tịnh,Helsinki,"Siltasaarenkatu 3-5, 00530 Helsinki",,unknown,25,ei toimi,UNVERIFIED,,,false,0,
2a63ee7c26c4c86d33f18bf05f9a78aa31a4dcdc,twenty-four-social-club,Twenty four social club,Helsinki,"Kolmas linja 6, 00530 Helsinki",,unknown,25,ei toimi,UNVERIFIED,,,false,0,
89c4d7ac11f6db52b091795cfcefbc20eda7a288,uuno-kallio,Uuno Kallio,Helsinki,"Castréninkatu 10, 00530 Helsinki",,unknown,25,ei toimi,UNVERIFIED,,,false,0,
0c7be958109ad5fa907c968f3ae5f03254448123,uyghur-noodle-house,Uyghur Noodle House,Helsinki,"Siltasaarenkatu 13, 00530 Helsinki",,unknown,25,ei toimi,UNVERIFIED,,,false,0,
8e579a9a6b7d71988a1458aea2d0d10fe96d9325,vaino-kallio,Väinö Kallio,Helsinki,"Hämeentie 11A, 00530 Helsinki",,unknown,25,ei toimi,UNVERIFIED,,,false,0,
cef39f04aa5e7771bf265a88fc6c35a471f314e0,viet-kitchen,Viet Kitchen,Helsinki,"Läntinen Papinkatu 2-4, 00530",,unknown,25,ei toimi,UNVERIFIED,,,false,0,
ec49e7b1d3496ca088e0ff83af89cc064528bab9,vihrea-keidas-ry,Vihreä Keidas ry,Helsinki,"Vilhonvuorenkatu 20, 00500 Helsinki",,unknown,25,ei toimi,UNVERIFIED,,,false,0,
95a52b93b525c4f3ae2bbf22fb560a87a704f723,way-bakery,Way Bakery,Helsinki,"Agricolankatu 9, 00530 Helsinki",,unknown,25,ei toimi,UNVERIFIED,,,false,0,
c65a0e5b284495ec16b8d966cc988e05a8148717,wino,Wino,Helsinki,"Fleminginkatu 11, 00530 Helsinki",,unknown,25,ei toimi,UNVERIFIED,,,false,0,
26bc3409f74c0d4683a9bd79b74c9406b0c20f79,wok-wok-hakaniemen-metroasema,Wok Wok Hakaniemen metroasema,Helsinki,,,unknown,25,ei toimi,UNVERIFIED,,,false,0,
ee984fd1e45028beabda62f952e51630d24ba3bf,yamy-bar-and-bistro,Yamy bar&bistro,Helsinki,,,unknown,25,ei toimi,UNVERIFIED,,,false,0,